Well,X,Y,NTG
201-901,201,901,0.25245368
201-902,201,902,0.25245368
201-903,201,903,0.33452696
201-904,201,904,0.21694049
201-905,201,905,0.21234228
201-906,201,906,0.22186108
201-908,201,908,0.19700125
201-909,201,909,0.26612633
201-910,201,910,0.34902683
201-911,201,911,0.32286218
201-912,201,912,0.32061037
201-913,201,913,0.37526307
201-915,201,915,0.366123
201-916,201,916,0.3658702
201-917,201,917,0.3658702
201-918,201,918,0.43593264
201-919,201,919,0.43820113
201-920,201,920,0.44046548
201-921,201,921,0.43694773
201-922,201,922,0.43865845
201-923,201,923,0.43256444
201-925,201,925,0.43333337
201-926,201,926,0.4436199
201-927,201,927,0.45538297
201-928,201,928,0.44824806
201-929,201,929,0.38690805
201-930,201,930,0.3635042
202-901,202,901,0.2620098
202-902,202,902,0.2620098
202-903,202,903,0.34408307
202-904,202,904,0.2416195
202-905,202,905,0.23805423
202-906,202,906,0.24823749
202-907,202,907,0.22790615
202-908,202,908,0.22134954
202-909,202,909,0.27629438
202-910,202,910,0.35726088
202-911,202,911,0.32867703
202-912,202,912,0.32642522
202-913,202,913,0.38107792
202-914,202,914,0.36887136
202-915,202,915,0.37193784
202-916,202,916,0.37168506
202-917,202,917,0.37168506
202-918,202,918,0.42913038
202-919,202,919,0.42779657
202-920,202,920,0.43006095
202-921,202,921,0.42654318
202-923,202,923,0.40602317
202-924,202,924,0.40729222
202-926,202,926,0.41630968
202-927,202,927,0.42883685
202-928,202,928,0.3921425
202-929,202,929,0.38587984
202-930,202,930,0.362476
203-901,203,901,0.2627418
203-903,203,903,0.34481508
203-904,203,904,0.24367014
203-905,203,905,0.24010487
203-907,203,907,0.22995679
203-908,203,908,0.22340018
203-909,203,909,0.27834502
203-910,203,910,0.35931152
203-911,203,911,0.33072767
203-912,203,912,0.32847586
203-913,203,913,0.38312855
203-914,203,914,0.370922
203-915,203,915,0.37398848
203-916,203,916,0.3737357
203-917,203,917,0.3737357
203-918,203,918,0.38140902
203-919,203,919,0.42824733
203-920,203,920,0.43051168
203-921,203,921,0.42699394
203-922,203,922,0.42870465
203-923,203,923,0.40647393
203-924,203,924,0.40774298
203-925,203,925,0.40519324
203-926,203,926,0.4180227
203-927,203,927,0.39634278
203-928,203,928,0.39385548
203-930,203,930,0.364189
204-901,204,901,0.24623768
204-902,204,902,0.24623768
204-903,204,903,0.328311
204-905,204,905,0.20546395
204-906,204,906,0.2165843
204-908,204,908,0.18969634
204-909,204,909,0.25146818
204-910,204,910,0.33200803
204-911,204,911,0.30714974
204-912,204,912,0.30344126
204-913,204,913,0.33024782
204-914,204,914,0.32141212
204-915,204,915,0.32110772
204-916,204,916,0.31972423
204-917,204,917,0.31972423
204-918,204,918,0.3229213
204-919,204,919,0.36695483
204-920,204,920,0.36921918
204-921,204,921,0.36570144
204-922,204,922,0.36741215
204-923,204,923,0.34518144
204-924,204,924,0.35018897
204-926,204,926,0.37682572
204-927,204,927,0.3561212
204-928,204,928,0.3536339
204-929,204,929,0.34142983
204-930,204,930,0.31802598
205-901,205,901,0.24623768
205-902,205,902,0.24623768
205-903,205,903,0.328311
205-904,205,904,0.21072447
205-905,205,905,0.20546395
205-906,205,906,0.2165843
205-907,205,907,0.19625296
205-908,205,908,0.18969634
205-909,205,909,0.32472202
205-910,205,910,0.33200803
205-912,205,912,0.30344126
205-913,205,913,0.33024782
205-914,205,914,0.32141212
205-915,205,915,0.32110772
205-917,205,917,0.3303628
205-918,205,918,0.33541662
205-919,205,919,0.3322534
205-920,205,920,0.36921918
205-921,205,921,0.36570144
205-922,205,922,0.36741215
205-924,205,924,0.35018897
205-925,205,925,0.34876627
205-926,205,926,0.33746848
205-928,205,928,0.3536339
205-929,205,929,0.34142983
205-930,205,930,0.31802598
206-901,206,901,0.2467228
206-902,206,902,0.2467228
206-903,206,903,0.32879612
206-904,206,904,0.2112096
206-905,206,905,0.20133118
206-906,206,906,0.21245153
206-907,206,907,0.1921202
206-908,206,908,0.18694101
206-909,206,909,0.32196668
206-910,206,910,0.3329403
206-911,206,911,0.308082
206-913,206,913,0.33077794
206-915,206,915,0.32163784
206-916,206,916,0.33336753
206-917,206,917,0.33089292
206-918,206,918,0.33594674
206-919,206,919,0.33278352
206-920,206,920,0.3350479
206-921,206,921,0.36623156
206-922,206,922,0.36794227
206-923,206,923,0.34571156
206-924,206,924,0.35023758
206-925,206,925,0.34881487
206-926,206,926,0.33751708
206-927,206,927,0.35616982
206-928,206,928,0.35368252
206-930,206,930,0.31807458
207-901,207,901,0.24684995
207-902,207,902,0.24684995
207-903,207,903,0.32892326
207-904,207,904,0.21133675
207-905,207,905,0.20145833
207-906,207,906,0.21164164
207-908,207,908,0.18613112
207-909,207,909,0.31205127
207-911,207,911,0.2781716
207-913,207,913,0.30086756
207-914,207,914,0.29203185
207-915,207,915,0.32793835
207-916,207,916,0.31639886
207-917,207,917,0.31392425
207-918,207,918,0.31897807
207-920,207,920,0.31990862
207-921,207,921,0.31639087
207-922,207,922,0.35300565
207-923,207,923,0.2794363
207-924,207,924,0.2832132
207-925,207,925,0.28311306
207-926,207,926,0.28321692
207-928,207,928,0.2993824
207-929,207,929,0.28717828
208-901,208,901,0.33369502
208-902,208,902,0.32683405
208-903,208,903,0.42087445
208-904,208,904,0.30649677
208-905,208,905,0.2510642
208-906,208,906,0.29455692
208-907,208,907,0.2742256
208-908,208,908,0.23977254
208-909,208,909,0.33868095
208-910,208,910,0.3496546
208-911,208,911,0.34449854
208-912,208,912,0.34128553
208-913,208,913,0.3610085
208-914,208,914,0.37797526
208-916,208,916,0.38547313
208-917,208,917,0.38299853
208-918,208,918,0.38622153
208-920,208,920,0.39138192
208-921,208,921,0.36727804
208-922,208,922,0.3299698
208-923,208,923,0.320357
208-924,208,924,0.3241339
208-926,208,926,0.32587403
208-927,208,927,0.3500154
208-928,208,928,0.34755623
208-929,208,929,0.33535215
208-930,208,930,0.33858344
209-901,209,901,0.32852313
209-902,209,902,0.32166216
209-903,209,903,0.38423172
209-904,209,904,0.3028488
209-905,209,905,0.24683514
209-906,209,906,0.29032794
209-907,209,907,0.27107018
209-908,209,908,0.23661715
209-909,209,909,0.33428475
209-910,209,910,0.34525838
209-911,209,911,0.34010234
209-912,209,912,0.33688933
209-913,209,913,0.40214226
209-914,209,914,0.3717921
209-915,209,915,0.38812384
209-917,209,917,0.37287402
209-918,209,918,0.37609702
209-919,209,919,0.37796926
209-920,209,920,0.3844634
209-921,209,921,0.36035952
209-922,209,922,0.32365856
209-923,209,923,0.31518084
209-924,209,924,0.31895775
209-925,209,925,0.3188576
209-926,209,926,0.32210723
209-927,209,927,0.3462486
209-928,209,928,0.33856717
209-929,209,929,0.3318755
209-930,209,930,0.3351068
210-901,210,901,0.35750446
210-902,210,902,0.3506435
210-903,210,903,0.4132131
210-904,210,904,0.333823
210-905,210,905,0.23781794
210-906,210,906,0.2813107
210-907,210,907,0.275514
210-908,210,908,0.25466305
210-909,210,909,0.32349196
210-910,210,910,0.3344656
210-911,210,911,0.36729562
210-912,210,912,0.40318418
210-913,210,913,0.41272256
210-915,210,915,0.43397054
210-917,210,917,0.43538967
210-918,210,918,0.42397732
210-919,210,919,0.41511592
210-920,210,920,0.43332812
210-921,210,921,0.35393304
210-922,210,922,0.3556438
210-924,210,924,0.34756476
210-925,210,925,0.35219753
210-926,210,926,0.33657134
210-927,210,927,0.37526673
210-928,210,928,0.3653192
210-929,210,929,0.3478619
210-930,210,930,0.40381187
211-901,211,901,0.35692814
211-902,211,902,0.35006717
211-903,211,903,0.41542032
211-904,211,904,0.33603016
211-905,211,905,0.23683164
211-906,211,906,0.28032443
211-907,211,907,0.27452773
211-908,211,908,0.25367677
211-909,211,909,0.25367677
211-910,211,910,0.27740002
211-911,211,911,0.39639235
211-912,211,912,0.40295392
211-913,211,913,0.4124923
211-915,211,915,0.41977805
211-916,211,916,0.41605398
211-917,211,917,0.41357937
211-918,211,918,0.40216702
211-920,211,920,0.4146738
211-921,211,921,0.33654335
211-922,211,922,0.34095308
211-923,211,923,0.32909712
211-925,211,925,0.33750683
211-926,211,926,0.32579827
211-929,211,929,0.33708882
211-930,211,930,0.3930388
212-901,212,901,0.358851
212-902,212,902,0.35199
212-903,212,903,0.4173431
212-906,212,906,0.27203667
212-907,212,907,0.26672867
212-908,212,908,0.24587765
212-909,212,909,0.27103722
212-910,212,910,0.28201085
212-911,212,911,0.36994925
212-912,212,912,0.39515483
212-913,212,913,0.40469328
212-914,212,914,0.3730522
212-915,212,915,0.40011746
212-916,212,916,0.3963934
212-917,212,917,0.39391878
212-918,212,918,0.39417744
212-919,212,919,0.38691804
212-920,212,920,0.3701341
212-922,212,922,0.32856572
212-923,212,923,0.31670976
212-924,212,924,0.32048666
212-925,212,925,0.32511947
212-926,212,926,0.3134109
212-927,212,927,0.3521063
212-928,212,928,0.34215876
212-929,212,929,0.32470146
212-930,212,930,0.38065144
213-901,213,901,0.3851051
213-902,213,902,0.37824413
213-903,213,903,0.46821293
213-904,213,904,0.37668386
213-905,213,905,0.30673572
213-906,213,906,0.30932206
213-907,213,907,0.30442756
213-908,213,908,0.28091758
213-909,213,909,0.30607706
213-910,213,910,0.3170507
213-911,213,911,0.37257987
213-912,213,912,0.37082353
213-913,213,913,0.40605402
213-914,213,914,0.37441292
213-915,213,915,0.39613912
213-916,213,916,0.39038596
213-917,213,917,0.38791135
213-918,213,918,0.34888837
213-919,213,919,0.35076576
213-920,213,920,0.37149486
213-921,213,921,0.33702397
213-922,213,922,0.33882508
213-923,213,923,0.3180705
213-924,213,924,0.3218474
213-925,213,925,0.3264802
213-926,213,926,0.3134109
213-927,213,927,0.35657507
213-928,213,928,0.35162604
213-929,213,929,0.33578685
213-930,213,930,0.38875574
214-901,214,901,0.3851051
214-902,214,902,0.37824413
214-903,214,903,0.46821293
214-905,214,905,0.30673572
214-906,214,906,0.30846727
214-907,214,907,0.30218372
214-908,214,908,0.30213016
214-909,214,909,0.30213016
214-910,214,910,0.31273192
214-911,214,911,0.3682611
214-912,214,912,0.36650476
214-913,214,913,0.38495788
214-914,214,914,0.3507636
214-915,214,915,0.39291227
214-916,214,916,0.3421856
214-917,214,917,0.3421856
214-919,214,919,0.33779734
214-920,214,920,0.3585264
214-921,214,921,0.2624432
214-922,214,922,0.2739583
214-923,214,923,0.26410374
214-924,214,924,0.28421485
214-925,214,925,0.30667606
214-926,214,926,0.2881517
214-927,214,927,0.34922022
214-928,214,928,0.3481794
214-929,214,929,0.33257604
214-930,214,930,0.38554493
215-901,215,901,0.3755494
215-902,215,902,0.36868843
215-903,215,903,0.45865723
215-904,215,904,0.3671282
215-905,215,905,0.3116934
215-906,215,906,0.30820173
215-907,215,907,0.30191818
215-908,215,908,0.30186462
215-909,215,909,0.30186462
215-911,215,911,0.36949703
215-912,215,912,0.3677407
215-914,215,914,0.35199952
215-915,215,915,0.3470328
215-917,215,917,0.3399004
215-918,215,918,0.3412855
215-919,215,919,0.33346957
215-920,215,920,0.3515306
215-922,215,922,0.2669625
215-923,215,923,0.2584312
215-924,215,924,0.25180587
215-925,215,925,0.29957503
215-926,215,926,0.2885763
215-927,215,927,0.34964478
215-929,215,929,0.33388156
216-901,216,901,0.3329034
216-903,216,903,0.41601118
216-904,216,904,0.35903618
216-905,216,905,0.31718382
216-906,216,906,0.27876297
216-907,216,907,0.2831384
216-909,216,909,0.24229082
216-910,216,910,0.2541186
216-911,216,911,0.37359533
216-912,216,912,0.371839
216-913,216,913,0.39705235
216-914,216,914,0.36750892
216-915,216,915,0.39104384
216-916,216,916,0.37826803
216-918,216,918,0.38039002
216-919,216,919,0.38751125
216-921,216,921,0.31500602
216-922,216,922,0.3265211
216-923,216,923,0.31600535
216-924,216,924,0.2997943
216-925,216,925,0.32612732
216-926,216,926,0.30946067
216-928,216,928,0.37036926
216-929,216,929,0.35476592
216-930,216,930,0.4096495
217-901,217,901,0.43434033
217-902,217,902,0.42747936
217-903,217,903,0.50816804
217-904,217,904,0.45770037
217-905,217,905,0.45392123
217-906,217,906,0.33870962
217-907,217,907,0.34411845
217-908,217,908,0.27865064
217-909,217,909,0.27865064
217-910,217,910,0.28750935
217-911,217,911,0.34990802
217-912,217,912,0.34424472
217-913,217,913,0.36979333
217-914,217,914,0.34024987
217-915,217,915,0.36378482
217-916,217,916,0.351009
217-917,217,917,0.3517459
217-918,217,918,0.353131
217-919,217,919,0.3602522
217-920,217,920,0.37578085
217-921,217,921,0.28521454
217-923,217,923,0.28621387
217-924,217,924,0.2700028
217-925,217,925,0.29633585
217-927,217,927,0.3108918
217-928,217,928,0.3107319
217-929,217,929,0.29512855
217-930,217,930,0.37346143
218-901,218,901,0.4402105
218-902,218,902,0.43334952
218-903,218,903,0.5097759
218-904,218,904,0.45896065
218-906,218,906,0.35162804
218-907,218,907,0.3474449
218-908,218,908,0.27639
218-909,218,909,0.27639
218-910,218,910,0.28613698
218-911,218,911,0.34853566
218-912,218,912,0.34762755
218-913,218,913,0.36435977
218-914,218,914,0.3348163
218-915,218,915,0.3596557
218-916,218,916,0.3385914
218-917,218,917,0.3393283
218-918,218,918,0.34142116
218-919,218,919,0.33865538
218-920,218,920,0.35418397
218-921,218,921,0.25483838
218-922,218,922,0.26068008
218-923,218,923,0.25016433
218-924,218,924,0.24058522
218-925,218,925,0.2795926
218-926,218,926,0.265898
218-927,218,927,0.29982194
218-928,218,928,0.29966202
219-901,219,901,0.45287094
219-904,219,904,0.40755558
219-905,219,905,0.39942345
219-906,219,906,0.3372899
219-908,219,908,0.26205185
219-910,219,910,0.26692316
219-911,219,911,0.3401575
219-912,219,912,0.34472787
219-914,219,914,0.33191666
219-915,219,915,0.380368
219-916,219,916,0.35646418
219-917,219,917,0.33568272
219-918,219,918,0.3377756
219-919,219,919,0.3316865
219-920,219,920,0.34721512
219-921,219,921,0.24786945
219-922,219,922,0.2537112
219-923,219,923,0.2431954
219-925,219,925,0.27583516
219-926,219,926,0.26910943
219-927,219,927,0.31483772
219-928,219,928,0.31467786
219-929,219,929,0.32239613
220-901,220,901,0.43682262
220-902,220,902,0.42847756
220-903,220,903,0.44409117
220-904,220,904,0.40541467
220-905,220,905,0.39728254
220-906,220,906,0.31709716
220-907,220,907,0.33096585
220-908,220,908,0.2657381
220-909,220,909,0.25923318
220-910,220,910,0.2706094
220-911,220,911,0.34384376
220-912,220,912,0.34841412
220-913,220,913,0.36294755
220-914,220,914,0.35421973
220-915,220,915,0.38185546
220-916,220,916,0.35795164
220-917,220,917,0.35621393
220-918,220,918,0.3583068
220-919,220,919,0.33442307
220-920,220,920,0.34995168
220-921,220,921,0.25060606
220-922,220,922,0.25722697
220-924,220,924,0.23762757
220-925,220,925,0.2798464
220-926,220,926,0.27312067
220-927,220,927,0.31835353
220-928,220,928,0.3181936
220-929,220,929,0.3238836
220-930,220,930,0.3908969
221-903,221,903,0.45091414
221-904,221,904,0.4117028
221-905,221,905,0.40357068
221-906,221,906,0.31816983
221-907,221,907,0.33096585
221-908,221,908,0.26593456
221-909,221,909,0.25942963
221-910,221,910,0.27080587
221-911,221,911,0.34404022
221-912,221,912,0.34861058
221-913,221,913,0.3847663
221-914,221,914,0.3544162
221-915,221,915,0.38205191
221-916,221,916,0.3581481
221-917,221,917,0.35641038
221-918,221,918,0.35850325
221-919,221,919,0.3544317
221-920,221,920,0.3266621
221-921,221,921,0.2465269
221-922,221,922,0.28390878
221-923,221,923,0.27567613
221-924,221,924,0.27748322
221-925,221,925,0.29270616
221-926,221,926,0.27331713
221-927,221,927,0.29240876
221-928,221,928,0.2922489
221-929,221,929,0.3025688
221-930,221,930,0.322428
222-901,222,901,0.4228269
222-902,222,902,0.41448182
222-903,222,903,0.4448277
222-904,222,904,0.39910913
222-905,222,905,0.390977
222-906,222,906,0.31046036
222-907,222,907,0.3201511
222-908,222,908,0.2862886
222-909,222,909,0.28454584
222-910,222,910,0.28546354
222-911,222,911,0.35642436
222-912,222,912,0.38487658
222-913,222,913,0.3892254
222-914,222,914,0.3544162
222-916,222,916,0.3581481
222-918,222,918,0.35850325
222-919,222,919,0.3544317
222-920,222,920,0.3266621
222-921,222,921,0.2465269
222-922,222,922,0.28390878
222-923,222,923,0.27567613
222-924,222,924,0.27748322
222-925,222,925,0.29270616
222-926,222,926,0.28147203
222-927,222,927,0.29475835
222-928,222,928,0.29459846
222-929,222,929,0.3220692
222-930,222,930,0.2831862
223-901,223,901,0.4191594
223-902,223,902,0.41081434
223-903,223,903,0.44270453
223-904,223,904,0.39698595
223-906,223,906,0.32151598
223-907,223,907,0.31733283
223-908,223,908,0.28457233
223-909,223,909,0.28282958
223-910,223,910,0.2837473
223-911,223,911,0.3547081
223-912,223,912,0.3838554
223-913,223,913,0.38820422
223-914,223,914,0.353395
223-915,223,915,0.37761784
223-916,223,916,0.35272974
223-917,223,917,0.35281518
223-918,223,918,0.35550845
223-919,223,919,0.3105118
223-920,223,920,0.32559773
223-921,223,921,0.24546257
223-922,223,922,0.28284442
223-923,223,923,0.2751893
223-924,223,924,0.2769964
223-925,223,925,0.29221934
223-926,223,926,0.2810107
223-927,223,927,0.294297
223-928,223,928,0.29413712
223-929,223,929,0.32359135
224-901,224,901,0.40155742
224-902,224,902,0.39321235
224-903,224,903,0.44284895
224-904,224,904,0.39780948
224-905,224,905,0.38967735
224-906,224,906,0.32115063
224-908,224,908,0.284207
224-909,224,909,0.28246424
224-910,224,910,0.28338194
224-911,224,911,0.35434276
224-912,224,912,0.38467893
224-913,224,913,0.38902774
224-914,224,914,0.35225928
224-916,224,916,0.35355327
224-917,224,917,0.3536387
224-918,224,918,0.35633197
224-919,224,919,0.3118788
224-920,224,920,0.32696474
224-921,224,921,0.24682955
224-922,224,922,0.28457677
224-923,224,923,0.27750906
224-924,224,924,0.27931616
224-925,224,925,0.29721463
224-926,224,926,0.28356192
224-927,224,927,0.29684824
224-928,224,928,0.29668835
224-929,224,929,0.32614258
224-930,224,930,0.28457892
225-901,225,901,0.3797438
225-902,225,902,0.37139875
225-903,225,903,0.42103535
225-904,225,904,0.37599587
225-905,225,905,0.40350562
225-906,225,906,0.3040979
225-907,225,907,0.29991475
225-909,225,909,0.26541147
225-910,225,910,0.26632917
225-911,225,911,0.33434647
225-912,225,912,0.35289794
225-913,225,913,0.351317
225-914,225,914,0.30926806
225-915,225,915,0.33545014
225-917,225,917,0.31129894
225-918,225,918,0.3139922
225-919,225,919,0.28339577
225-920,225,920,0.30207253
225-923,225,923,0.27073178
225-924,225,924,0.27253887
225-925,225,925,0.29733753
225-926,225,926,0.28067437
225-927,225,927,0.2939607
225-929,225,929,0.3461252
225-930,225,930,0.29682735
226-901,226,901,0.37404186
226-902,226,902,0.3656968
226-903,226,903,0.4153334
226-904,226,904,0.37029392
226-905,226,905,0.41497046
226-906,226,906,0.31556273
226-907,226,907,0.3112756
226-908,226,908,0.2791483
226-910,226,910,0.27832326
226-911,226,911,0.34634057
226-912,226,912,0.36443138
226-913,226,913,0.36058018
226-914,226,914,0.31853124
226-915,226,915,0.3447133
226-916,226,916,0.3274246
226-917,226,917,0.32816148
226-918,226,918,0.33085474
226-919,226,919,0.3002583
226-920,226,920,0.3148383
226-921,226,921,0.2684036
226-922,226,922,0.30570814
226-923,226,923,0.29984966
226-924,226,924,0.30165675
226-925,226,925,0.3251182
226-927,226,927,0.34144312
226-930,226,930,0.37604707
227-901,227,901,0.37404186
227-903,227,903,0.42458797
227-904,227,904,0.41123068
227-905,227,905,0.41497046
227-906,227,906,0.31556273
227-907,227,907,0.3112756
227-908,227,908,0.2791483
227-910,227,910,0.2781451
227-911,227,911,0.3461624
227-912,227,912,0.36325085
227-913,227,913,0.36215946
227-914,227,914,0.3183531
227-915,227,915,0.34453514
227-916,227,916,0.3283431
227-917,227,917,0.32908
227-918,227,918,0.32034442
227-919,227,919,0.2994411
227-920,227,920,0.31402108
227-921,227,921,0.26758638
227-922,227,922,0.30489093
227-923,227,923,0.30076817
227-924,227,924,0.30257526
227-925,227,925,0.32603672
227-926,227,926,0.30937356
227-927,227,927,0.34236163
227-928,227,928,0.33896074
227-929,227,929,0.42626342
227-930,227,930,0.37819397
228-902,228,902,0.4141784
228-903,228,903,0.4728636
228-904,228,904,0.45465428
228-905,228,905,0.4596571
228-906,228,906,0.359352
228-907,228,907,0.3570514
228-909,228,909,0.32068673
228-910,228,910,0.31572434
228-911,228,911,0.38374165
228-913,228,913,0.41770646
228-914,228,914,0.3633917
228-915,228,915,0.3878163
228-916,228,916,0.34492427
228-917,228,917,0.34566116
228-918,228,918,0.34835443
228-919,228,919,0.3417717
228-920,228,920,0.34600154
228-921,228,921,0.28954896
228-922,228,922,0.33311668
228-923,228,923,0.33719453
228-924,228,924,0.35037008
228-925,228,925,0.3761352
228-926,228,926,0.35567155
228-927,228,927,0.38177747
228-928,228,928,0.37837657
228-929,228,929,0.43709815
228-930,228,930,0.3890287
229-901,229,901,0.42277703
229-902,229,902,0.41443196
229-903,229,903,0.51638484
229-904,229,904,0.45348462
229-905,229,905,0.45489877
229-906,229,906,0.3531105
229-907,229,907,0.3508099
229-908,229,908,0.30290055
229-909,229,909,0.301457
229-910,229,910,0.30773926
229-911,229,911,0.37750015
229-912,229,912,0.40029052
229-913,229,913,0.41146496
229-914,229,914,0.3571502
229-915,229,915,0.3509234
229-916,229,916,0.34432846
229-917,229,917,0.34506536
229-918,229,918,0.34775862
229-919,229,919,0.34025267
229-921,229,921,0.28802994
229-922,229,922,0.296659
229-923,229,923,0.30137232
229-924,229,924,0.34936613
229-927,229,927,0.3807735
229-928,229,928,0.34968948
229-929,229,929,0.35618958
229-930,229,930,0.3387887
230-901,230,901,0.39120793
230-902,230,902,0.3834179
230-903,230,903,0.48481604
230-904,230,904,0.42191553
230-905,230,905,0.42332968
230-906,230,906,0.3005098
230-907,230,907,0.29706556
230-909,230,909,0.2565581
230-910,230,910,0.26226565
230-911,230,911,0.3175276
230-912,230,912,0.34031796
230-913,230,913,0.36363098
230-914,230,914,0.31049395
230-915,230,915,0.3482035
230-916,230,916,0.3460569
230-917,230,917,0.3467938
230-918,230,918,0.34948707
230-919,230,919,0.3419811
230-920,230,920,0.34621093
230-922,230,922,0.2983874
230-923,230,923,0.3050028
230-924,230,924,0.29741502
230-925,230,925,0.3300606
230-926,230,926,0.28873318
230-927,230,927,0.3175544
230-928,230,928,0.31415352
230-929,230,929,0.31907508
230-930,230,930,0.3016742
231-901,231,901,0.41608053
231-902,231,902,0.40773547
231-903,231,903,0.54087156
231-904,231,904,0.4734013
231-905,231,905,0.41506135
231-906,231,906,0.30256817
231-907,231,907,0.2991239
231-908,231,908,0.25948292
231-909,231,909,0.25861645
231-910,231,910,0.264324
231-911,231,911,0.31855747
231-912,231,912,0.34134784
231-913,231,913,0.3646609
231-914,231,914,0.31152385
231-915,231,915,0.34923342
231-916,231,916,0.3470868
231-917,231,917,0.34782368
231-918,231,918,0.35051695
231-919,231,919,0.34301102
231-921,231,921,0.29078826
231-922,231,922,0.29941732
231-923,231,923,0.30603272
231-924,231,924,0.2984449
231-925,231,925,0.30780947
231-926,231,926,0.28976306
231-927,231,927,0.31858432
231-928,231,928,0.31518343
232-901,232,901,0.41916937
232-902,232,902,0.4108243
232-903,232,903,0.5439604
232-904,232,904,0.47649014
232-905,232,905,0.468103
232-906,232,906,0.28674203
232-907,232,907,0.28329778
232-908,232,908,0.24365659
232-909,232,909,0.2427901
232-912,232,912,0.3017983
232-913,232,913,0.33890924
232-914,232,914,0.2857722
232-915,232,915,0.34239677
232-916,232,916,0.3565734
232-918,232,918,0.36000356
232-919,232,919,0.35249764
232-920,232,920,0.35672742
232-921,232,921,0.2938771
232-922,232,922,0.30250615
232-923,232,923,0.30912155
232-924,232,924,0.30153373
232-925,232,925,0.2919833
232-926,232,926,0.27393696
232-927,232,927,0.30275816
232-928,232,928,0.29935727
232-930,232,930,0.28687796
233-901,233,901,0.4233189
233-902,233,902,0.41497383
233-903,233,903,0.5439604
233-904,233,904,0.47649014
233-905,233,905,0.468103
233-906,233,906,0.38694236
233-907,233,907,0.28329778
233-908,233,908,0.24365659
233-909,233,909,0.2427901
233-910,233,910,0.2484977
233-911,233,911,0.27900794
233-912,233,912,0.3017983
233-913,233,913,0.33890924
233-914,233,914,0.2857722
233-915,233,915,0.34239677
233-916,233,916,0.3565734
233-917,233,917,0.3573103
233-918,233,918,0.36000356
233-919,233,919,0.35249764
233-920,233,920,0.35672742
233-921,233,921,0.2938771
233-922,233,922,0.30250615
233-923,233,923,0.26161397
233-924,233,924,0.26571202
233-925,233,925,0.29438782
233-926,233,926,0.27393696
233-927,233,927,0.304639
233-928,233,928,0.3030588
233-929,233,929,0.30427882
233-930,233,930,0.28687796
234-901,234,901,0.44103232
234-902,234,902,0.43268725
234-903,234,903,0.5616738
234-904,234,904,0.49420357
234-905,234,905,0.48581642
234-906,234,906,0.40465578
234-907,234,907,0.40121153
234-908,234,908,0.25507075
234-909,234,909,0.25420427
234-910,234,910,0.25991184
234-911,234,911,0.29042187
234-912,234,912,0.3017983
234-913,234,913,0.32749254
234-914,234,914,0.2657
234-915,234,915,0.28712624
234-916,234,916,0.3542174
234-917,234,917,0.3549543
234-918,234,918,0.35764757
234-919,234,919,0.35014164
234-920,234,920,0.28010765
234-922,234,922,0.2503213
234-923,234,923,0.26161397
234-924,234,924,0.26571202
234-925,234,925,0.27819064
234-926,234,926,0.27393696
234-927,234,927,0.304639
234-928,234,928,0.3030588
234-929,234,929,0.30427882
234-930,234,930,0.28687796
235-901,235,901,0.44103232
235-902,235,902,0.43268725
235-904,235,904,0.49420357
235-905,235,905,0.48581642
235-906,235,906,0.40465578
235-907,235,907,0.40121153
235-908,235,908,0.35206577
235-909,235,909,0.25420427
235-910,235,910,0.24981107
235-911,235,911,0.2804267
235-912,235,912,0.2898135
235-913,235,913,0.32749254
235-914,235,914,0.2657
235-916,235,916,0.2979874
235-917,235,917,0.3549543
235-918,235,918,0.28648788
235-919,235,919,0.27888483
235-920,235,920,0.27952385
235-921,235,921,0.23768367
235-922,235,922,0.24973741
235-923,235,923,0.26161397
235-925,235,925,0.27819064
235-926,235,926,0.26894608
235-927,235,927,0.304639
235-928,235,928,0.3030588
235-929,235,929,0.30427882
235-930,235,930,0.28687796
236-901,236,901,0.395227
236-902,236,902,0.38688192
236-903,236,903,0.5037442
236-904,236,904,0.43627378
236-905,236,905,0.4381069
236-906,236,906,0.36537528
236-907,236,907,0.36193103
236-908,236,908,0.31660625
236-909,236,909,0.20733745
236-910,236,910,0.21325144
236-911,236,911,0.25004727
236-912,236,912,0.24003606
236-913,236,913,0.29022828
236-914,236,914,0.22723703
236-915,236,915,0.24866326
236-916,236,916,0.25952455
236-917,236,917,0.24897237
236-918,236,918,0.25072387
236-919,236,919,0.24312077
236-920,236,920,0.2437598
236-921,236,921,0.21060717
236-922,236,922,0.22266087
236-923,236,923,0.27963427
236-924,236,924,0.28373232
236-925,236,925,0.29621094
236-926,236,926,0.28696635
236-927,236,927,0.31753013
236-928,236,928,0.3243511
236-929,236,929,0.32557112
236-930,236,930,0.30713093
237-901,237,901,0.392275
237-902,237,902,0.38392994
237-903,237,903,0.5007922
237-905,237,905,0.4381069
237-906,237,906,0.36537528
237-907,237,907,0.36193103
237-908,237,908,0.31660625
237-909,237,909,0.20733745
237-910,237,910,0.21325144
237-911,237,911,0.25004727
237-912,237,912,0.24003606
237-913,237,913,0.29022828
237-915,237,915,0.24866326
237-916,237,916,0.25952455
237-917,237,917,0.26026145
237-918,237,918,0.25072387
237-921,237,921,0.21060717
237-922,237,922,0.22266087
237-923,237,923,0.27963427
237-925,237,925,0.29621094
237-926,237,926,0.28696635
237-927,237,927,0.31753013
237-928,237,928,0.3243511
237-929,237,929,0.32557112
237-930,237,930,0.30713093
238-901,238,901,0.387168
238-902,238,902,0.37882292
238-903,238,903,0.4956853
238-904,238,904,0.42944643
238-905,238,905,0.43127954
238-906,238,906,0.35854793
238-908,238,908,0.3097789
238-909,238,909,0.20656116
238-910,238,910,0.21247515
238-911,238,911,0.27382183
238-912,238,912,0.24202116
238-913,238,913,0.29221335
238-914,238,914,0.22922213
238-915,238,915,0.2506484
238-916,238,916,0.26150963
238-917,238,917,0.26224652
238-918,238,918,0.24986756
238-919,238,919,0.24183713
238-920,238,920,0.24247615
238-922,238,922,0.21976626
238-923,238,923,0.2767397
238-925,238,925,0.29331636
238-926,238,926,0.28598836
238-927,238,927,0.31646413
238-928,238,928,0.35411683
238-929,238,929,0.38424292
238-930,238,930,0.30606493
239-902,239,902,0.3797352
239-903,239,903,0.4965976
239-904,239,904,0.4303587
239-905,239,905,0.43219182
239-906,239,906,0.3594602
239-907,239,907,0.35694194
239-908,239,908,0.23704779
239-909,239,909,0.20748717
239-911,239,911,0.30764523
239-912,239,912,0.27584463
239-913,239,913,0.32603675
239-914,239,914,0.26304564
239-915,239,915,0.28520435
239-916,239,916,0.28107598
239-917,239,917,0.28181288
239-918,239,918,0.28939673
239-919,239,919,0.25841138
239-920,239,920,0.2590504
239-921,239,921,0.20962918
239-923,239,923,0.2767397
239-924,239,924,0.28083774
239-925,239,925,0.29331636
239-926,239,926,0.30672666
239-927,239,927,0.35569704
239-928,239,928,0.35411683
239-929,239,929,0.38424292
239-930,239,930,0.34440705
240-901,240,901,0.40953845
240-902,240,902,0.40119338
240-903,240,903,0.52090776
240-904,240,904,0.4546692
240-905,240,905,0.45365
240-906,240,906,0.33507735
240-907,240,907,0.33341053
240-908,240,908,0.29622036
240-909,240,909,0.2304482
240-910,240,910,0.23550841
240-911,240,911,0.34514344
240-912,240,912,0.3109263
240-914,240,914,0.32941854
240-915,240,915,0.35157725
240-916,240,916,0.3474489
240-917,240,917,0.35212487
240-918,240,918,0.35481814
240-919,240,919,0.29552016
240-920,240,920,0.29239482
240-921,240,921,0.23411915
240-922,240,922,0.24083157
240-923,240,923,0.26727492
240-924,240,924,0.2802933
240-925,240,925,0.30391258
240-927,240,927,0.34141576
240-929,240,929,0.36996165
240-930,240,930,0.33012578
241-901,241,901,0.41281062
241-902,241,902,0.40446556
241-903,241,903,0.52417994
241-904,241,904,0.47059932
241-905,241,905,0.45309898
241-906,241,906,0.33253896
241-908,241,908,0.29368198
241-909,241,909,0.27668372
241-911,241,911,0.3373038
241-912,241,912,0.29788825
241-913,241,913,0.38192242
241-914,241,914,0.319212
241-915,241,915,0.3449956
241-916,241,916,0.34184274
241-917,241,917,0.35232982
241-918,241,918,0.3550231
241-919,241,919,0.2904495
241-920,241,920,0.28930312
241-923,241,923,0.2650017
241-924,241,924,0.28037462
241-925,241,925,0.30180517
241-926,241,926,0.28773323
241-927,241,927,0.34102595
241-928,241,928,0.34137148
241-929,241,929,0.37149757
241-930,241,930,0.3316617
242-901,242,901,0.4277773
242-902,242,902,0.41943222
242-904,242,904,0.43273956
242-905,242,905,0.41111618
242-906,242,906,0.18229248
242-908,242,908,0.18808806
242-909,242,909,0.19359799
242-910,242,910,0.19408119
242-911,242,911,0.349531
242-912,242,912,0.28516227
242-913,242,913,0.37742218
242-914,242,914,0.31680176
242-915,242,915,0.3480859
242-916,242,916,0.3482485
242-917,242,917,0.3489854
242-919,242,919,0.28664514
242-920,242,920,0.28549877
242-921,242,921,0.2368234
242-922,242,922,0.24353582
242-923,242,923,0.2739683
242-924,242,924,0.2921921
242-925,242,925,0.3097904
242-926,242,926,0.28909677
242-927,242,927,0.39108768
242-928,242,928,0.3952883
242-929,242,929,0.40609652
242-930,242,930,0.37245315
243-901,243,901,0.42915776
243-902,243,902,0.4208127
243-903,243,903,0.5005326
243-904,243,904,0.43412003
243-905,243,905,0.41249666
243-906,243,906,0.18088712
243-908,243,908,0.18638796
243-909,243,909,0.18400948
243-910,243,910,0.1936393
243-911,243,911,0.32745966
243-912,243,912,0.25297436
243-913,243,913,0.34523427
243-914,243,914,0.28461385
243-915,243,915,0.315898
243-916,243,916,0.3160606
243-917,243,917,0.3167975
243-918,243,918,0.31810567
243-919,243,919,0.25824025
243-920,243,920,0.25824025
243-921,243,921,0.23106596
243-922,243,922,0.23871957
243-923,243,923,0.29496363
243-924,243,924,0.28737584
243-925,243,925,0.30497414
243-927,243,927,0.39108768
243-929,243,929,0.40609652
243-930,243,930,0.37245315
244-901,244,901,0.44025493
244-902,244,902,0.43190986
244-903,244,903,0.51054573
244-904,244,904,0.44413346
244-905,244,905,0.4225101
244-906,244,906,0.20268571
244-907,244,907,0.19997707
244-908,244,908,0.20818655
244-909,244,909,0.20580806
244-910,244,910,0.21543787
244-913,244,913,0.34450945
244-914,244,914,0.28388903
244-915,244,915,0.31452048
244-916,244,916,0.31468308
244-917,244,917,0.31541997
244-918,244,918,0.31672814
244-919,244,919,0.25686273
244-922,244,922,0.29857853
244-924,244,924,0.35920203
244-925,244,925,0.3663103
244-926,244,926,0.34561667
244-928,244,928,0.3876066
244-929,244,929,0.40032578
244-930,244,930,0.3666824
245-901,245,901,0.42471606
245-902,245,902,0.416371
245-903,245,903,0.49500722
245-904,245,904,0.49082726
245-905,245,905,0.48786736
245-906,245,906,0.3173185
245-907,245,907,0.31460983
245-909,245,909,0.27654642
245-910,245,910,0.28316072
245-912,245,912,0.33169746
245-913,245,913,0.40899745
245-914,245,914,0.34837702
245-915,245,915,0.3806984
245-916,245,916,0.38223326
245-917,245,917,0.38223326
245-918,245,918,0.38354144
245-919,245,919,0.32472533
245-920,245,920,0.32472533
245-921,245,921,0.35487154
245-922,245,922,0.37124932
245-924,245,924,0.41320935
245-925,245,925,0.42031762
245-926,245,926,0.399624
245-927,245,927,0.4302701
245-928,245,928,0.43447074
245-929,245,929,0.44718987
245-930,245,930,0.4135465
246-901,246,901,0.42766085
246-902,246,902,0.4193158
246-903,246,903,0.4969053
246-904,246,904,0.49272534
246-906,246,906,0.3183914
246-907,246,907,0.3150092
246-908,246,908,0.28248718
246-909,246,909,0.27755693
246-910,246,910,0.28417122
246-911,246,911,0.38108224
246-912,246,912,0.3300962
246-913,246,913,0.40685606
246-914,246,914,0.3444769
246-915,246,915,0.3708811
246-916,246,916,0.371579
246-917,246,917,0.371579
246-918,246,918,0.37288716
246-919,246,919,0.31697866
246-920,246,920,0.31697866
246-921,246,921,0.32782465
246-922,246,922,0.340258
246-924,246,924,0.36004078
246-925,246,925,0.37484688
246-926,246,926,0.3562822
246-927,246,927,0.40736416
246-928,246,928,0.40736416
246-929,246,929,0.42248654
246-930,246,930,0.38884318
